Modelo,R² Score,RMSE,MAE
Random Forest,0.8723712094184802,6.819578799310116,5.977500000000001
Linear Regression,0.8996052785627959,6.04837437205261,4.839074110161393
